l0_name,l1_name,l2_name,l3_name
Brittney Carlson,Ralph Clark,Diana Alexander,Tammy Lutz
Chelsea Wilkins,Heather Walker,Raymond Garza,Lisa Deleon
Morgan Alvarez,Curtis Frank,Shannon Mendez,Jennifer Fernandez
Mark Mcgrath,Matthew Stevenson,Randall Caldwell,Jeremy Butler
John Mccoy,Mr. Jason Hall MD,Heather Holmes,Tiffany Li
Michael Bond,Jacob Castillo,Melissa Medina,James Moore
Bethany Williams,Heather Walker,Raymond Garza,Lisa Deleon
Emily Salinas,Kathleen Elliott,Victor Arias,Robert Wilkinson
Laura Andrews,Joshua Harris,Mary Strong,Robert Wilkinson
Chad Howard,Crystal Scott,Nicholas Poole,Michael Jackson
Andrew Norton,Kathy Holt,Matthew Craig,Victor Arias
Shari Bennett,Jennifer Kelley,Joshua Horne,Jessica Stevens
Matthew Jones MD,Kathy Ward,Karen Knight,Scott Russell
Joshua Howell,Bradley Garcia,Chelsea Rangel,Derek Trujillo
Jason Brewer,Katie Ross,Kathryn Wagner,Daniel Smith
Kathy Holt,Matthew Craig,Victor Arias,Robert Wilkinson
Janice Howard,Michael Mcbride,Mary Farley,George Woods
Robert Beltran,Andrew Oliver,Crystal Brewer,James Moore
Alexis Patrick,Caroline Austin,Raymond Garza,Lisa Deleon
Matthew Patterson,Tammy Carroll,Mr. Eric Gregory,Scott Russell
Robert Gillespie,Michael Mcbride,Mary Farley,George Woods
Joshua Anderson,James Smith,Matthew Reed,Melanie Johns
Joshua Smith,Kathy Holt,Matthew Craig,Victor Arias
Kelly Chan,Tracy Soto,Christina Solomon,Sabrina Cruz
Raymond Greene,Michael Mcbride,Mary Farley,George Woods
Joseph Cardenas,Brian Brooks,Austin Combs,Richard Ballard
Lindsey Barber,Joshua Harris,Mary Strong,Robert Wilkinson
Barbara Brown,Jeffrey Lara,Amy Campbell,Victor Arias
Katelyn Lara,Heather Walker,Raymond Garza,Lisa Deleon
Jeffrey Lara,Amy Campbell,Victor Arias,Robert Wilkinson
Tamara Cole,Kathleen Elliott,Victor Arias,Robert Wilkinson
Charles Rocha Jr.,Mark Johnson,Mr. Eric Gregory,Scott Russell
Martin Harris,Jennifer Kelley,Joshua Horne,Jessica Stevens
Debra Reese,Linda Murray,Joshua King,Lucas Black
Daniel Campbell,Karen Osborne,Carlos Craig,Nicole Williams
Pamela Green,Johnny Jimenez,Joseph Terry,Michael Hess
Kelly Ramos,Linda Murray,Joshua King,Lucas Black
Crystal Willis,Connie Martin,Laura Andrews,Joshua Harris
Loretta Barton MD,Connie Martin,Laura Andrews,Joshua Harris
James Davis,Nicole Lopez,Tanner Moyer,Amy Thomas
Jean Hood,Kristin Moran,Juan Roberts,Amy Howard
John Smith,Brian Brooks,Austin Combs,Richard Ballard
Tracey Wiley,Bradley Garcia,Chelsea Rangel,Derek Trujillo
Melissa Neal,Kenneth Khan,Isaac Ward,Jennifer Fernandez
Crystal Scott,Jennifer Lee,Daniel Fowler,Marie Rowe
Elizabeth Carter,Kathy Ward,Karen Knight,Scott Russell
Rebecca Malone,Scott Stewart,Susan Moreno,Dustin Hall
Mark Camacho,Bruce White,Kathleen Elliott,Victor Arias
Susan Reid,Teresa Valdez,Daniel Fowler,Marie Rowe
Brett Fernandez,Peter Zavala,Eric Torres,Alexander Wilson
Terry Martinez,Mr. Jason Hall MD,Heather Holmes,Tiffany Li
Heather Pugh,Zachary Lynch,Joshua Horne,Jessica Stevens
Mark Camacho,Bruce White,Kathleen Elliott,Richard Ballard
Maureen Reed,Amber Lester,Kyle Bishop,Kevin Shaw
Jennifer Morrison,Heather Morales,Cynthia Burns,Lance Murphy
Jonathan Stone,Jose Davis,Elizabeth Huffman,Christopher Berry
Tracy Ward,Peter Zavala,Eric Torres,Alexander Wilson
Brittney Carlson,Ralph Clark,Lauren Miller,Scott Russell
Tara Reid,Kristin Moran,Juan Roberts,Amy Howard
Kimberly Pratt,Karen Osborne,Carlos Craig,Nicole Williams
Heather Anderson,Robert Day,Kyle Gomez,Amber Harris
Justin Duncan,Brian Brooks,Austin Combs,Richard Ballard
John Guzman,Glenda Zimmerman,Dr. Dylan Schneider DVM,Marie Rowe
Jared Mullins,Karen Osborne,Carlos Craig,Nicole Williams
John Bailey,Glenda Zimmerman,Dr. Dylan Schneider DVM,Marie Rowe
Dennis Fletcher,Mr. Jason Hall MD,Heather Holmes,Tiffany Li
Melody Young,Crystal Scott,Nicholas Poole,Michael Jackson
Mary Wright,Matthew Craig,Victor Arias,Robert Wilkinson
Greg Hernandez,Thomas Cunningham,Joshua King,Lucas Black
Bryan Walker,Caroline Austin,Raymond Garza,Lisa Deleon
Karen Dominguez,Katie Ross,Kathryn Wagner,Daniel Smith
Dr. Tracy Rios,Brett Rubio,Kyle Bishop,Kevin Shaw
Jessica Stevens,Kevin Massey,Cindy Lee,Derek Trujillo
Jill Donovan,Kathy Holt,Matthew Craig,Victor Arias
Sandra Daugherty,Matthew Craig,Victor Arias,Robert Wilkinson
Eric Wallace,Jennifer Lee,Daniel Fowler,Marie Rowe
Wesley Garrett,Melanie Wood,Alicia Jackson,Amanda Coleman
Valerie Watkins,Matthew Stevenson,Randall Caldwell,Jeremy Butler
Alexander Ortiz,Andrew Bowman,Bryan Roth,Alan White
Emily Richards,Heather Sanford,Elizabeth Patrick,Nicole Williams
Mr. Tyler Smith,Edward Buck,Juan Morales,Alisha Nguyen
Charles Jackson,Curtis Frank,Shannon Mendez,Jennifer Fernandez
Raymond Thompson,Mary Zavala,Julie Jackson,Amber Harris
Brittany Payne,Michael Mcbride,Mary Farley,George Woods
Christopher Garcia,Tammy Carroll,Mr. Eric Gregory,Scott Russell
Rebecca Roberson,Andrew Bowman,Bryan Roth,Alan White
Brenda Thomas,Teresa Gibson,Mary Strong,Robert Wilkinson
Samantha Everett,James Smith,Matthew Reed,Melanie Johns
Wayne Haas,Megan Taylor,Michele Villarreal,Ann Walsh
Karen Flores,Kathy Ward,Karen Knight,Scott Russell
Jesse Hayes,Kathy Holt,Matthew Craig,Victor Arias
Carly Haley,Zachary Lynch,Joshua Horne,Jessica Stevens
George Adams,Heather Morales,Cynthia Burns,Lance Murphy
Maria Richardson,Scott Stewart,Susan Moreno,Dustin Hall
John Clark,Tiffany Martin,Ann Gutierrez,Benjamin Fisher MD
Patricia Williams,Nancy Blair,Heather Holmes,Tiffany Li
Bruce White,Kathleen Elliott,Victor Arias,Robert Wilkinson
Kyle Cain,Edward Buck,Juan Morales,Alisha Nguyen
Brittney Carlson,Ralph Clark,Diana Alexander,Tammy Lutz
Chelsea Wilkins,Heather Walker,Raymond Garza,Lisa Deleon
Morgan Alvarez,Curtis Frank,Shannon Mendez,Jennifer Fernandez
Mark Mcgrath,Matthew Stevenson,Randall Caldwell,Jeremy Butler
John Mccoy,Mr. Jason Hall MD,Heather Holmes,Tiffany Li
Michael Bond,Jacob Castillo,Melissa Medina,James Moore
Bethany Williams,Heather Walker,Raymond Garza,Lisa Deleon
Emily Salinas,Kathleen Elliott,Victor Arias,Robert Wilkinson
Laura Andrews,Joshua Harris,Mary Strong,Robert Wilkinson
Chad Howard,Crystal Scott,Nicholas Poole,Michael Jackson
Andrew Norton,Kathy Holt,Matthew Craig,Victor Arias
Shari Bennett,Jennifer Kelley,Joshua Horne,Jessica Stevens
Matthew Jones MD,Kathy Ward,Karen Knight,Scott Russell
Joshua Howell,Bradley Garcia,Chelsea Rangel,Derek Trujillo
Jason Brewer,Katie Ross,Kathryn Wagner,Daniel Smith
Kathy Holt,Matthew Craig,Victor Arias,Robert Wilkinson
Janice Howard,Michael Mcbride,Mary Farley,George Woods
Robert Beltran,Andrew Oliver,Crystal Brewer,James Moore
Alexis Patrick,Caroline Austin,Raymond Garza,Lisa Deleon
Matthew Patterson,Tammy Carroll,Mr. Eric Gregory,Scott Russell
Robert Gillespie,Michael Mcbride,Mary Farley,George Woods
Joshua Anderson,James Smith,Matthew Reed,Melanie Johns
Joshua Smith,Kathy Holt,Matthew Craig,Victor Arias
Kelly Chan,Tracy Soto,Christina Solomon,Sabrina Cruz
Raymond Greene,Michael Mcbride,Mary Farley,George Woods
Joseph Cardenas,Brian Brooks,Austin Combs,Richard Ballard
Lindsey Barber,Joshua Harris,Mary Strong,Robert Wilkinson
Barbara Brown,Jeffrey Lara,Amy Campbell,Victor Arias
Katelyn Lara,Heather Walker,Raymond Garza,Lisa Deleon
Jeffrey Lara,Amy Campbell,Victor Arias,Robert Wilkinson
Tamara Cole,Kathleen Elliott,Victor Arias,Robert Wilkinson
Charles Rocha Jr.,Mark Johnson,Mr. Eric Gregory,Scott Russell
Martin Harris,Jennifer Kelley,Joshua Horne,Jessica Stevens
Debra Reese,Linda Murray,Joshua King,Lucas Black
Daniel Campbell,Karen Osborne,Carlos Craig,Nicole Williams
Pamela Green,Johnny Jimenez,Joseph Terry,Michael Hess
Kelly Ramos,Linda Murray,Joshua King,Lucas Black
Crystal Willis,Connie Martin,Laura Andrews,Joshua Harris
Loretta Barton MD,Connie Martin,Laura Andrews,Joshua Harris
James Davis,Nicole Lopez,Tanner Moyer,Amy Thomas
Jean Hood,Kristin Moran,Juan Roberts,Amy Howard
John Smith,Brian Brooks,Austin Combs,Richard Ballard
Tracey Wiley,Bradley Garcia,Chelsea Rangel,Derek Trujillo
Melissa Neal,Kenneth Khan,Isaac Ward,Jennifer Fernandez
Crystal Scott,Jennifer Lee,Daniel Fowler,Marie Rowe
Elizabeth Carter,Kathy Ward,Karen Knight,Scott Russell
Rebecca Malone,Scott Stewart,Susan Moreno,Dustin Hall
Mark Camacho,Bruce White,Kathleen Elliott,Victor Arias
Susan Reid,Teresa Valdez,Daniel Fowler,Marie Rowe
Brett Fernandez,Peter Zavala,Eric Torres,Alexander Wilson
Terry Martinez,Mr. Jason Hall MD,Heather Holmes,Tiffany Li
Heather Pugh,Zachary Lynch,Joshua Horne,Jessica Stevens
Mark Camacho,Bruce White,Kathleen Elliott,Richard Ballard
Maureen Reed,Amber Lester,Kyle Bishop,Kevin Shaw
Jennifer Morrison,Heather Morales,Cynthia Burns,Lance Murphy
Jonathan Stone,Jose Davis,Elizabeth Huffman,Christopher Berry
Tracy Ward,Peter Zavala,Eric Torres,Alexander Wilson
Brittney Carlson,Ralph Clark,Lauren Miller,Scott Russell
Tara Reid,Kristin Moran,Juan Roberts,Amy Howard
Kimberly Pratt,Karen Osborne,Carlos Craig,Nicole Williams
Heather Anderson,Robert Day,Kyle Gomez,Amber Harris
Justin Duncan,Brian Brooks,Austin Combs,Richard Ballard
John Guzman,Glenda Zimmerman,Dr. Dylan Schneider DVM,Marie Rowe
Jared Mullins,Karen Osborne,Carlos Craig,Nicole Williams
John Bailey,Glenda Zimmerman,Dr. Dylan Schneider DVM,Marie Rowe
Dennis Fletcher,Mr. Jason Hall MD,Heather Holmes,Tiffany Li
Melody Young,Crystal Scott,Nicholas Poole,Michael Jackson
Mary Wright,Matthew Craig,Victor Arias,Robert Wilkinson
Greg Hernandez,Thomas Cunningham,Joshua King,Lucas Black
Bryan Walker,Caroline Austin,Raymond Garza,Lisa Deleon
Karen Dominguez,Katie Ross,Kathryn Wagner,Daniel Smith
Dr. Tracy Rios,Brett Rubio,Kyle Bishop,Kevin Shaw
Jessica Stevens,Kevin Massey,Cindy Lee,Derek Trujillo
Jill Donovan,Kathy Holt,Matthew Craig,Victor Arias
Sandra Daugherty,Matthew Craig,Victor Arias,Robert Wilkinson
Eric Wallace,Jennifer Lee,Daniel Fowler,Marie Rowe
Wesley Garrett,Melanie Wood,Alicia Jackson,Amanda Coleman
Valerie Watkins,Matthew Stevenson,Randall Caldwell,Jeremy Butler
Alexander Ortiz,Andrew Bowman,Bryan Roth,Alan White
Emily Richards,Heather Sanford,Elizabeth Patrick,Nicole Williams
Mr. Tyler Smith,Edward Buck,Juan Morales,Alisha Nguyen
Charles Jackson,Curtis Frank,Shannon Mendez,Jennifer Fernandez
Raymond Thompson,Mary Zavala,Julie Jackson,Amber Harris
Brittany Payne,Michael Mcbride,Mary Farley,George Woods
Christopher Garcia,Tammy Carroll,Mr. Eric Gregory,Scott Russell
Rebecca Roberson,Andrew Bowman,Bryan Roth,Alan White
Brenda Thomas,Teresa Gibson,Mary Strong,Robert Wilkinson
Samantha Everett,James Smith,Matthew Reed,Melanie Johns
Wayne Haas,Megan Taylor,Michele Villarreal,Ann Walsh
Karen Flores,Kathy Ward,Karen Knight,Scott Russell
Jesse Hayes,Kathy Holt,Matthew Craig,Victor Arias
Carly Haley,Zachary Lynch,Joshua Horne,Jessica Stevens
George Adams,Heather Morales,Cynthia Burns,Lance Murphy
Maria Richardson,Scott Stewart,Susan Moreno,Dustin Hall
John Clark,Tiffany Martin,Ann Gutierrez,Benjamin Fisher MD
Patricia Williams,Nancy Blair,Heather Holmes,Tiffany Li
Bruce White,Kathleen Elliott,Victor Arias,Robert Wilkinson
Kyle Cain,Edward Buck,Juan Morales,Alisha Nguyen
